tarih,fiyat
2014-07-21,2.26651930809021
2014-07-22,2.2607078552246094
2014-07-23,2.2548961639404297
2014-07-24,2.251990556716919
2014-07-25,2.2578024864196777
2014-07-28,2.2578024864196777
2014-07-29,2.2578024864196777
2014-07-30,2.2578024864196777
2014-07-31,2.237461805343628
2014-08-01,2.2548961639404297
2014-08-04,2.2461788654327393
2014-08-05,2.237461805343628
2014-08-06,2.1967811584472656
2014-08-07,2.127041816711426
2014-08-08,2.0921719074249268
2014-08-11,2.071831226348877
2014-08-12,2.0776431560516357
2014-08-13,2.0834543704986572
2014-08-14,2.0805490016937256
2014-08-15,2.0863606929779053
2014-08-18,2.071831226348877
2014-08-19,2.121229887008667
2014-08-20,2.0834543704986572
2014-08-21,2.0834543704986572
2014-08-22,2.074737548828125
2014-08-25,2.0834543704986572
2014-08-26,2.0863606929779053
2014-08-27,2.0863606929779053
2014-08-28,2.074737548828125
2014-08-29,2.0660200119018555
2014-09-01,2.0427730083465576
2014-09-02,2.0631136894226074
2014-09-03,2.1008894443511963
2014-09-04,2.1125125885009766
2014-09-05,2.153193235397339
2014-09-08,2.1415703296661377
2014-09-09,2.106701135635376
2014-09-10,2.118323802947998
2014-09-11,2.127041816711426
2014-09-12,2.106701135635376
2014-09-15,2.0921719074249268
2014-09-16,2.0689258575439453
2014-09-17,2.0602078437805176
2014-09-18,2.0311501026153564
2014-09-19,2.0602078437805176
2014-09-22,1.9933748245239258
2014-09-23,2.004997968673706
2014-09-24,1.9352588653564453
2014-09-25,1.9468820095062256
2014-09-26,1.9497877359390259
2014-09-29,1.9497877359390259
2014-09-30,1.9904688596725464
2014-10-01,2.002091884613037
2014-10-02,1.9817512035369873
2014-10-03,1.9933748245239258
2014-10-06,1.9817512035369873
2014-10-07,1.9817512035369873
2014-10-08,1.9614107608795166
2014-10-09,1.9672226905822754
2014-10-10,1.8887661695480347
2014-10-13,1.9381645917892456
2014-10-14,1.9207297563552856
2014-10-15,1.9381645917892456
2014-10-16,1.984657645225525
2014-10-17,2.0921719074249268
2014-10-20,2.1154184341430664
2014-10-21,2.118323802947998
2014-10-22,2.1125125885009766
2014-10-23,2.121229887008667
2014-10-24,2.121229887008667
2014-10-27,2.089266061782837
2014-10-28,2.0921719074249268
2014-10-29,2.0921719074249268
2014-10-30,2.1008894443511963
2014-10-31,2.124135732650757
2014-11-03,2.150287628173828
2014-11-04,2.188063383102417
2014-11-05,2.1154184341430664
2014-11-06,2.1008894443511963
2014-11-07,2.0805490016937256
2014-11-10,2.057302474975586
2014-11-11,2.0979833602905273
2014-11-12,2.0979833602905273
2014-11-13,2.0602078437805176
2014-11-14,2.0631136894226074
2014-11-17,2.0689258575439453
2014-11-18,2.0805490016937256
2014-11-19,2.0660200119018555
2014-11-20,2.0921719074249268
2014-11-21,2.103795289993286
2014-11-24,2.0776431560516357
2014-11-25,2.071831226348877
2014-11-26,2.124135732650757
2014-11-27,2.1735339164733887
2014-11-28,2.170628309249878
2014-12-01,2.167722702026367
2014-12-02,2.1909687519073486
2014-12-03,2.240367889404297
2014-12-04,2.26651930809021
2014-12-05,2.2461788654327393
2014-12-08,2.2607078552246094
2014-12-09,2.2432732582092285
2014-12-10,2.2054977416992188
2014-12-11,2.1967811584472656
2014-12-12,2.2054977416992188
2014-12-15,2.1822516918182373
2014-12-16,2.106701135635376
2014-12-17,2.103795289993286
2014-12-18,2.127041816711426
2014-12-19,2.1154184341430664
2014-12-22,2.118323802947998
2014-12-23,2.1619110107421875
2014-12-24,2.1793458461761475
2014-12-25,2.1735339164733887
2014-12-26,2.1793458461761475
2014-12-29,2.153193235397339
2014-12-30,2.135759115219116
2014-12-31,2.1590051651000977
2015-01-01,2.1590051651000977
2015-01-02,2.1444761753082275
2015-01-05,2.1735339164733887
2015-01-06,2.220026969909668
2015-01-07,2.2258381843566895
2015-01-08,2.2461788654327393
2015-01-09,2.3565990924835205
2015-01-12,2.33335280418396
2015-01-13,2.4728310108184814
2015-01-14,2.4524905681610107
2015-01-15,2.4263384342193604
2015-01-16,2.38275146484375
2015-01-19,2.420527219772339
2015-01-20,2.6326494216918945
2015-01-21,2.6617074012756348
2015-01-22,2.789562463760376
2015-01-23,2.676236867904663
2015-01-26,2.708200693130493
2015-01-27,2.696577310562134
2015-01-28,2.6994829177856445
2015-01-29,2.7372586727142334
2015-01-30,2.760504961013794
2015-02-02,2.708200693130493
2015-02-03,2.580345392227173
2015-02-04,2.6035919189453125
2015-02-05,2.6646134853363037
2015-02-06,2.757598876953125
2015-02-09,2.6994829177856445
2015-02-10,2.6529903411865234
2015-02-11,2.6500844955444336
2015-02-12,2.6704249382019043
2015-02-13,2.7140119075775146
2015-02-16,2.8157143592834473
2015-02-17,2.7314467430114746
2015-02-18,2.7692220211029053
2015-02-19,2.7663164138793945
2015-02-20,2.7169177532196045
2015-02-23,2.743069648742676
2015-02-24,2.873830795288086
2015-02-25,2.891265630722046
2015-02-26,2.9784388542175293
2015-02-27,2.7982802391052246
2015-03-02,2.8157143592834473
2015-03-03,2.792468309402466
2015-03-04,2.7372586727142334
2015-03-05,2.7866568565368652
2015-03-06,2.763410806655884
2015-03-09,2.772127628326416
2015-03-10,2.673330545425415
2015-03-11,2.679142713546753
2015-03-12,2.696577310562134
2015-03-13,2.647179126739502
2015-03-16,2.629743814468384
2015-03-17,2.6820480823516846
2015-03-18,2.7023887634277344
2015-03-19,2.725635290145874
2015-03-20,2.8186213970184326
2015-03-23,2.7837512493133545
2015-03-24,2.757598876953125
2015-03-25,2.7808451652526855
2015-03-26,2.725635290145874
2015-03-27,2.7372586727142334
2015-03-30,2.772127628326416
2015-03-31,2.772127628326416
2015-04-01,2.8331494331359863
2015-04-02,2.84873366355896
2015-04-03,2.858083963394165
2015-04-06,2.901719331741333
2015-04-07,2.9328858852386475
2015-04-08,2.9578208923339844
2015-04-09,2.9889888763427734
2015-04-10,2.9796385765075684
2015-04-13,3.013922691345215
2015-04-14,2.970287799835205
2015-04-15,2.951586961746216
2015-04-16,2.951586961746216
2015-04-17,3.2601478099823
2015-04-20,3.210279703140259
2015-04-21,3.7245473861694336
2015-04-22,3.568708896636963
2015-04-23,3.568708896636963
2015-04-24,3.537540912628174
2015-04-27,3.6154603958129883
2015-04-28,3.537540912628174
2015-04-29,3.537540912628174
2015-04-30,3.3661184310913086
2015-05-01,3.3661184310913086
2015-05-04,3.3037824630737305
2015-05-05,3.3349506855010986
2015-05-06,3.412869930267334
2015-05-07,3.319366455078125
2015-05-08,3.350534677505493
2015-05-11,3.412869930267334
2015-05-12,3.412869930267334
2015-05-13,3.506373643875122
2015-05-14,3.4907898902893066
2015-05-15,3.5219571590423584
2015-05-18,3.5219571590423584
2015-05-19,3.5219571590423584
2015-05-20,3.584292411804199
2015-05-21,3.4907898902893066
2015-05-22,3.4596219062805176
2015-05-25,3.3972866535186768
2015-05-26,3.3972866535186768
2015-05-27,3.4596219062805176
2015-05-28,3.412869930267334
2015-05-29,3.3972866535186768
2015-06-01,3.257031202316284
2015-06-02,3.3349506855010986
2015-06-03,3.3349506855010986
2015-06-04,3.3349506855010986
2015-06-05,3.257031202316284
2015-06-08,3.1822283267974854
2015-06-09,3.3037824630737305
2015-06-10,3.3037824630737305
2015-06-11,3.319366455078125
2015-06-12,3.3817026615142822
2015-06-15,3.225863218307495
2015-06-16,3.319366455078125
2015-06-17,3.3037824630737305
2015-06-18,3.350534677505493
2015-06-19,3.412869930267334
2015-06-22,3.3972866535186768
2015-06-23,3.3972866535186768
2015-06-24,3.3817026615142822
2015-06-25,3.3817026615142822
2015-06-26,3.4596219062805176
2015-06-29,3.444037437438965
2015-06-30,3.412869930267334
2015-07-01,3.4284543991088867
2015-07-02,3.4284543991088867
2015-07-03,3.3661184310913086
2015-07-06,3.3972866535186768
2015-07-07,3.3661184310913086
2015-07-08,3.288198709487915
2015-07-09,3.3349506855010986
2015-07-10,3.3661184310913086
2015-07-13,3.444037437438965
2015-07-14,3.6310441493988037
2015-07-15,3.584292411804199
2015-07-16,3.537540912628174
2015-07-17,3.537540912628174
2015-07-20,3.506373643875122
2015-07-21,3.537540912628174
2015-07-22,3.4596219062805176
2015-07-23,3.2414474487304688
2015-07-24,3.2726151943206787
2015-07-27,3.210279703140259
2015-07-28,3.2414474487304688
2015-07-29,3.2726151943206787
2015-07-30,3.3817026615142822
2015-07-31,3.4596219062805176
2015-08-03,3.350534677505493
2015-08-04,3.288198709487915
2015-08-05,3.3972866535186768
2015-08-06,3.4596219062805176
2015-08-07,3.3661184310913086
2015-08-10,3.257031202316284
2015-08-11,3.3349506855010986
2015-08-12,3.257031202316284
2015-08-13,3.257031202316284
2015-08-14,3.3349506855010986
2015-08-17,3.319366455078125
2015-08-18,3.3037824630737305
2015-08-19,3.2726151943206787
2015-08-20,3.194695234298706
2015-08-21,3.1635279655456543
2015-08-24,3.066908359527588
2015-08-25,3.1198928356170654
2015-08-26,3.1635279655456543
2015-08-27,3.194695234298706
2015-08-28,3.1635279655456543
2015-08-31,3.054440975189209
2015-09-01,3.041973352432251
2015-09-02,2.9952218532562256
2015-09-03,3.029505968093872
2015-09-04,3.0170390605926514
2015-09-07,2.9796385765075684
2015-09-08,3.035740375518799
2015-09-09,3.020156145095825
2015-09-10,3.054440975189209
2015-09-11,3.029505968093872
2015-09-14,3.023273229598999
2015-09-15,3.0700249671936035
2015-09-16,3.054440975189209
2015-09-17,3.085608720779419
2015-09-18,3.1105427742004395
2015-09-21,3.1323602199554443
2015-09-22,3.1167759895324707
2015-09-23,3.073141098022461
2015-09-24,3.073141098022461
2015-09-25,3.073141098022461
2015-09-28,3.032623767852783
2015-09-29,3.029505968093872
2015-09-30,3.0388565063476562
2015-10-01,3.041973352432251
2015-10-02,2.973404884338379
2015-10-05,3.0575571060180664
2015-10-06,3.0700249671936035
2015-10-07,3.1791117191314697
2015-10-08,3.194695234298706
2015-10-09,3.257031202316284
2015-10-12,3.101191997528076
2015-10-13,3.1635279655456543
2015-10-14,3.1791117191314697
2015-10-15,3.2414474487304688
2015-10-16,3.1323602199554443
2015-10-19,3.2414474487304688
2015-10-20,3.210279703140259
2015-10-21,3.2414474487304688
2015-10-22,3.3349506855010986
2015-10-23,3.3349506855010986
2015-10-26,3.2726151943206787
2015-10-27,3.257031202316284
2015-10-28,3.2414474487304688
2015-10-29,3.2414474487304688
2015-10-30,3.3349506855010986
2015-11-02,3.6154603958129883
2015-11-03,3.584292411804199
2015-11-04,3.568708896636963
2015-11-05,3.5531251430511475
2015-11-06,3.6466283798217773
2015-11-09,3.6310441493988037
2015-11-10,3.6310441493988037
2015-11-11,3.6933794021606445
2015-11-12,3.6777961254119873
2015-11-13,3.599877119064331
2015-11-16,3.6310441493988037
2015-11-17,3.6154603958129883
2015-11-18,3.537540912628174
2015-11-19,3.584292411804199
2015-11-20,3.5531251430511475
2015-11-23,3.506373643875122
2015-11-24,3.3817026615142822
2015-11-25,3.3972866535186768
2015-11-26,3.3661184310913086
2015-11-27,3.412869930267334
2015-11-30,3.29754900932312
2015-12-01,3.4097533226013184
2015-12-02,3.4066367149353027
2015-12-03,3.3567678928375244
2015-12-04,3.341184377670288
2015-12-07,3.319366455078125
2015-12-08,3.3069000244140625
2015-12-09,3.3754689693450928
2015-12-10,3.2601478099823
2015-12-11,3.2009294033050537
2015-12-14,3.1791117191314697
2015-12-15,3.288198709487915
2015-12-16,3.219630241394043
2015-12-17,3.310016393661499
2015-12-18,3.225863218307495
2015-12-21,3.300665855407715
2015-12-22,3.269498348236084
2015-12-23,3.341184377670288
2015-12-24,3.3661184310913086
2015-12-25,3.3567678928375244
2015-12-28,3.3567678928375244
2015-12-29,3.3037824630737305
2015-12-30,3.2850823402404785
2015-12-31,3.2601478099823
2016-01-01,3.2601478099823
2016-01-04,3.225863218307495
2016-01-05,3.194695234298706
2016-01-06,3.1791117191314697
2016-01-07,3.1635279655456543
2016-01-08,3.1635279655456543
2016-01-11,3.1791117191314697
2016-01-12,3.1915788650512695
2016-01-13,3.219630241394043
2016-01-14,3.175995111465454
2016-01-15,3.1697614192962646
2016-01-18,3.1323602199554443
2016-01-19,3.1167759895324707
2016-01-20,3.0887253284454346
2016-01-21,3.066908359527588
2016-01-22,3.066908359527588
2016-01-25,3.085608720779419
2016-01-26,3.1385934352874756
2016-01-27,3.1292431354522705
2016-01-28,3.1635279655456543
2016-01-29,3.2009294033050537
2016-02-01,3.175995111465454
2016-02-02,3.154177665710449
2016-02-03,3.144827365875244
2016-02-04,3.157294511795044
2016-02-05,3.144827365875244
2016-02-08,3.0263900756835938
2016-02-09,2.92976975440979
2016-02-10,2.9671709537506104
2016-02-11,2.8923685550689697
2016-02-12,2.8424997329711914
2016-02-15,2.8300328254699707
2016-02-16,3.054440975189209
2016-02-17,3.154177665710449
2016-02-18,3.085608720779419
2016-02-19,3.0824921131134033
2016-02-22,3.126126766204834
2016-02-23,3.113659620285034
2016-02-24,3.060673952102661
2016-02-25,3.066908359527588
2016-02-26,3.0170390605926514
2016-02-29,3.0045723915100098
2016-03-01,3.0170390605926514
2016-03-02,3.066908359527588
2016-03-03,3.060673952102661
2016-03-04,3.051323890686035
2016-03-07,3.051323890686035
2016-03-08,3.0700249671936035
2016-03-09,3.063791275024414
2016-03-10,3.045090675354004
2016-03-11,3.0108063220977783
2016-03-14,3.0263900756835938
2016-03-15,3.0014560222625732
2016-03-16,3.0076889991760254
2016-03-17,3.076258420944214
2016-03-18,3.126126766204834
2016-03-21,3.154177665710449
2016-03-22,3.101191997528076
2016-03-23,3.113659620285034
2016-03-24,3.1853458881378174
2016-03-25,3.250798225402832
2016-03-28,3.310016393661499
2016-03-29,3.310016393661499
2016-03-30,3.2601478099823
2016-03-31,3.2539143562316895
2016-04-01,3.257031202316284
2016-04-04,3.3567678928375244
2016-04-05,3.319366455078125
2016-04-06,3.3769476413726807
2016-04-07,3.3125925064086914
2016-04-08,3.3363025188446045
2016-04-11,3.370173454284668
2016-04-12,3.3024308681488037
2016-04-13,3.346463441848755
2016-04-14,3.414206027984619
2016-04-15,3.3803348541259766
2016-04-18,3.39388370513916
2016-04-19,3.363399028778076
2016-04-20,3.299044132232666
2016-04-21,3.3058178424835205
2016-04-22,3.2854959964752197
2016-04-25,3.3159797191619873
2016-04-26,3.3532376289367676
2016-04-27,3.3498504161834717
2016-04-28,3.3159797191619873
2016-04-29,3.3024308681488037
2016-05-02,3.268559455871582
2016-05-03,3.014526844024658
2016-05-04,2.9637203216552734
2016-05-05,2.946784496307373
2016-05-06,2.9366233348846436
2016-05-09,2.994203805923462
2016-05-10,2.970494031906128
2016-05-11,2.953559398651123
2016-05-12,2.9196877479553223
2016-05-13,2.831622838973999
2016-05-16,2.814687490463257
2016-05-17,2.811300277709961
2016-05-18,2.807913064956665
2016-05-19,2.807913064956665
2016-05-20,2.8011393547058105
2016-05-23,2.7943644523620605
2016-05-24,2.8417837619781494
2016-05-25,2.8519458770751953
2016-05-26,2.8451716899871826
2016-05-27,2.8417837619781494
2016-05-30,2.8688814640045166
2016-05-31,2.8621068000793457
2016-06-01,2.929849147796631
2016-06-02,2.973881244659424
2016-06-03,3.0822689533233643
2016-06-06,3.0721075534820557
2016-06-07,3.1025912761688232
2016-06-08,3.119527578353882
2016-06-09,3.024688243865967
2016-06-10,2.9637203216552734
2016-06-13,2.9095265865325928
2016-06-14,2.855332851409912
2016-06-15,2.9196877479553223
2016-06-16,2.8417837619781494
2016-06-17,2.8519458770751953
2016-06-20,2.8485584259033203
2016-06-21,2.8654935359954834
2016-06-22,2.7909774780273438
2016-06-23,2.7435576915740967
2016-06-24,2.59452486038208
2016-06-27,2.574202537536621
2016-06-28,2.628396511077881
2016-06-29,2.625009775161743
2016-06-30,2.6046864986419678
2016-07-01,2.631783962249756
2016-07-04,2.621622085571289
2016-07-05,2.621622085571289
2016-07-06,2.621622085571289
2016-07-07,2.621622085571289
2016-07-08,2.6148478984832764
2016-07-11,2.6859772205352783
2016-07-12,2.740170955657959
2016-07-13,2.7706549167633057
2016-07-14,2.7537195682525635
2016-07-15,2.7469449043273926
2016-07-18,2.5233960151672363
2016-07-19,2.5335569381713867
2016-07-20,2.4962987899780273
2016-07-21,2.418395757675171
2016-07-22,2.4454922676086426
2016-07-25,2.6080739498138428
2016-07-26,2.584364175796509
2016-07-27,2.648719072341919
2016-07-28,2.6351706981658936
2016-07-29,2.6385576725006104
2016-08-01,2.6792032718658447
2016-08-02,2.6690421104431152
2016-08-03,2.631783962249756
2016-08-04,2.6588804721832275
2016-08-05,2.6521058082580566
2016-08-08,2.69275164604187
2016-08-09,2.7063000202178955
2016-08-10,2.641944408416748
2016-08-11,2.672428846359253
2016-08-12,2.625009775161743
2016-08-15,2.716461658477783
2016-08-16,2.7029130458831787
2016-08-17,2.7943644523620605
2016-08-18,2.733396530151367
2016-08-19,2.7537195682525635
2016-08-22,2.7706549167633057
2016-08-23,2.736783504486084
2016-08-24,2.7096869945526123
2016-08-25,2.8248488903045654
2016-08-26,2.9366233348846436
2016-08-29,2.9095265865325928
2016-08-30,2.9095265865325928
2016-08-31,2.8756556510925293
2016-09-01,2.8011393547058105
2016-09-02,2.8451716899871826
2016-09-05,2.906139612197876
2016-09-06,2.882429838180542
2016-09-07,2.902751922607422
2016-09-08,2.835010051727295
2016-09-09,2.811300277709961
2016-09-12,2.811300277709961
2016-09-13,2.811300277709961
2016-09-14,2.811300277709961
2016-09-15,2.811300277709961
2016-09-16,2.8011393547058105
2016-09-19,2.7943644523620605
2016-09-20,2.8011393547058105
2016-09-21,2.7706549167633057
2016-09-22,2.8383967876434326
2016-09-23,2.8383967876434326
2016-09-26,2.7774288654327393
2016-09-27,2.7774288654327393
2016-09-28,2.8011393547058105
2016-09-29,2.7774288654327393
2016-09-30,2.763880968093872
2016-10-03,2.7909774780273438
2016-10-04,2.7909774780273438
2016-10-05,2.7977521419525146
2016-10-06,2.831622838973999
2016-10-07,2.814687490463257
2016-10-10,2.831622838973999
2016-10-11,2.8756556510925293
2016-10-12,2.831622838973999
2016-10-13,2.926461696624756
2016-10-14,2.9975907802581787
2016-10-17,3.0314621925354004
2016-10-18,3.017914056777954
2016-10-19,3.0517849922180176
2016-10-20,3.0585591793060303
2016-10-21,3.045010805130005
2016-10-24,3.0348496437072754
2016-10-25,3.038236618041992
2016-10-26,3.0314621925354004
2016-10-27,3.017914056777954
2016-10-28,2.970494031906128
2016-10-31,2.946784496307373
2016-11-01,3.0043656826019287
2016-11-02,3.038236618041992
2016-11-03,2.946784496307373
2016-11-04,2.8451716899871826
2016-11-07,2.9129133224487305
2016-11-08,2.9129133224487305
2016-11-09,2.9332363605499268
2016-11-10,3.0077524185180664
2016-11-11,2.994203805923462
2016-11-14,3.017914056777954
2016-11-15,2.977268695831299
2016-11-16,3.0551719665527344
2016-11-17,3.0551719665527344
2016-11-18,3.0822689533233643
2016-11-21,3.1161396503448486
2016-11-22,3.1669466495513916
2016-11-23,3.0754942893981934
2016-11-24,3.038236618041992
2016-11-25,3.11275315284729
2016-11-28,3.0754942893981934
2016-11-29,3.0754942893981934
2016-11-30,3.0280752182006836
2016-12-01,3.0043656826019287
2016-12-02,2.990817070007324
2016-12-05,3.045010805130005
2016-12-06,3.0822689533233643
2016-12-07,3.136462926864624
2016-12-08,3.1398494243621826
2016-12-09,3.1093661785125732
2016-12-12,3.1025912761688232
2016-12-13,3.1059787273406982
2016-12-14,3.0111401081085205
2016-12-15,3.048398017883301
2016-12-16,3.0585591793060303
2016-12-19,3.0314621925354004
2016-12-20,3.045010805130005
2016-12-21,3.0517849922180176
2016-12-22,3.0517849922180176
2016-12-23,3.0517849922180176
2016-12-26,3.0721075534820557
2016-12-27,3.0348496437072754
2016-12-28,3.0788815021514893
2016-12-29,3.1229140758514404
2016-12-30,3.1093661785125732
2017-01-02,3.11275315284729
2017-01-03,3.1940436363220215
2017-01-04,3.1500110626220703
2017-01-05,3.1466238498687744
2017-01-06,3.255011558532715
2017-01-09,3.2482376098632812
2017-01-10,3.3295280933380127
2017-01-11,3.3092055320739746
2017-01-12,3.370173454284668
2017-01-13,3.4040446281433105
2017-01-16,3.387108564376831
2017-01-17,3.4243671894073486
2017-01-18,3.4683990478515625
2017-01-19,3.4921090602874756
2017-01-20,3.4717862606048584
2017-01-23,3.43452787399292
2017-01-24,3.505657911300659
2017-01-25,3.4717862606048584
2017-01-26,3.4650120735168457
2017-01-27,3.4717862606048584
2017-01-30,3.6140453815460205
2017-01-31,3.5632381439208984
2017-02-01,3.6343674659729004
2017-02-02,3.6919491291046143
2017-02-03,3.6919491291046143
2017-02-06,3.6817870140075684
2017-02-07,3.783400535583496
2017-02-08,3.803722858428955
2017-02-09,3.793562173843384
2017-02-10,3.810497760772705
2017-02-13,3.8850135803222656
2017-02-14,3.929046154022217
2017-02-15,3.895174980163574
2017-02-16,3.895174980163574
2017-02-17,3.8917880058288574
2017-02-20,3.583561420440674
2017-02-21,3.600496292114258
2017-02-22,3.5158185958862305
2017-02-23,3.5666255950927734
2017-02-24,3.5395288467407227
2017-02-27,3.532755136489868
2017-02-28,3.5496902465820312
2017-03-01,3.5700130462646484
2017-03-02,3.5632381439208984
2017-03-03,3.536141872406006
2017-03-06,3.5463030338287354
2017-03-07,3.59710955619812
2017-03-08,3.5429153442382812
2017-03-09,3.5259804725646973
2017-03-10,3.532755136489868
2017-03-13,3.502270460128784
2017-03-14,3.536141872406006
2017-03-15,3.5225934982299805
2017-03-16,3.5463030338287354
2017-03-17,3.5598509311676025
2017-03-20,3.5395288467407227
2017-03-21,3.532755136489868
2017-03-22,3.536141872406006
2017-03-23,3.627593755722046
2017-03-24,3.59710955619812
2017-03-27,3.6377549171447754
2017-03-28,3.6546902656555176
2017-03-29,3.6343674659729004
2017-03-30,3.603883981704712
2017-03-31,3.6377549171447754
2017-04-03,3.6106579303741455
2017-04-04,3.6106579303741455
2017-04-05,3.6779379844665527
2017-04-06,3.610658645629883
2017-04-07,3.5957067012786865
2017-04-10,3.6405603885650635
2017-04-11,3.6966264247894287
2017-04-12,3.748955011367798
2017-04-13,3.734003782272339
2017-04-14,3.6779379844665527
2017-04-17,3.692888021469116
2017-04-18,3.7452173233032227
2017-04-19,3.737741470336914
2017-04-20,3.7938082218170166
2017-04-21,3.797545909881592
2017-04-24,3.7938082218170166
2017-04-25,3.797545909881592
2017-04-26,4.047974109649658
2017-04-27,4.059187889099121
2017-04-28,3.9657437801361084
2017-05-01,3.9657437801361084
2017-05-02,4.261025428771973
2017-05-03,4.298402309417725
2017-05-04,4.32456636428833
2017-05-05,4.343255519866943
2017-05-08,4.335780143737793
2017-05-09,4.290927410125732
2017-05-10,4.358206748962402
2017-05-11,4.373157501220703
2017-05-12,4.335780143737793
2017-05-15,4.298402309417725
2017-05-16,4.302139759063721
2017-05-17,4.272238254547119
2017-05-18,4.204959869384766
2017-05-19,4.204959869384766
2017-05-22,4.182532787322998
2017-05-23,4.2535505294799805
2017-05-24,4.227385520935059
2017-05-25,4.290927410125732
2017-05-26,4.257287502288818
2017-05-29,4.227385520935059
2017-05-30,4.2086968421936035
2017-05-31,4.28345251083374
2017-06-01,4.279714584350586
2017-06-02,4.332043170928955
2017-06-05,4.24981164932251
2017-06-06,4.272238254547119
2017-06-07,4.320828914642334
2017-06-08,4.784309387207031
2017-06-09,4.743194103240967
2017-06-12,4.791784286499023
2017-06-13,4.8179497718811035
2017-06-14,5.158083438873291
2017-06-15,5.034737586975098
2017-06-16,5.139394760131836
2017-06-19,5.0833282470703125
2017-06-20,5.027262210845947
2017-06-21,5.038475513458252
2017-06-22,5.045950412750244
2017-06-23,4.993622779846191
2017-06-26,4.993622779846191
2017-06-27,4.993622779846191
2017-06-28,5.064640045166016
2017-06-29,4.986147403717041
2017-06-30,5.001099109649658
2017-07-03,5.049689292907715
2017-07-04,5.236576080322266
2017-07-05,5.139394760131836
2017-07-06,5.045950412750244
2017-07-07,5.187984943389893
2017-07-10,5.124443531036377
2017-07-11,5.128182411193848
2017-07-12,5.176772117614746
2017-07-13,5.3898234367370605
2017-07-14,5.2851667404174805
2017-07-17,5.307592868804932
2017-07-18,5.277690887451172
2017-07-19,5.2851667404174805
2017-07-20,5.210411548614502
2017-07-21,5.221625328063965
2017-07-24,5.244050979614258
2017-07-25,5.259002208709717
2017-07-26,5.322544097900391
2017-07-27,5.307592868804932
2017-07-28,5.232839107513428
2017-07-31,5.206674575805664
2017-08-01,5.027262210845947
2017-08-02,5.004835605621338
2017-08-03,5.217886924743652
2017-08-04,5.165558338165283
2017-08-07,5.158083438873291
2017-08-08,5.161820888519287
2017-08-09,5.060902118682861
2017-08-10,5.064640045166016
2017-08-11,5.079591274261475
2017-08-14,5.060902118682861
2017-08-15,4.888966083526611
2017-08-16,4.799259662628174
2017-08-17,4.795522212982178
2017-08-18,4.77309513092041
2017-08-21,4.769358158111572
2017-08-22,4.7544074058532715
2017-08-23,4.788047790527344
2017-08-24,4.799259662628174
2017-08-25,4.795522212982178
2017-08-28,4.758144378662109
2017-08-29,4.679652214050293
2017-08-30,4.679652214050293
2017-08-31,4.687127590179443
2017-09-01,4.687127590179443
2017-09-04,4.687127590179443
2017-09-05,4.728242874145508
2017-09-06,4.687127590179443
2017-09-07,4.713292121887207
2017-09-08,4.548831462860107
2017-09-11,4.604897975921631
2017-09-12,4.593685150146484
2017-09-13,4.496502876281738
2017-09-14,4.462863445281982
2017-09-15,4.466601371765137
2017-09-18,4.339518070220947
2017-09-19,4.24981164932251
2017-09-20,4.2385993003845215
2017-09-21,4.167582035064697
2017-09-22,4.175057411193848
2017-09-25,4.100302696228027
2017-09-26,4.223647594451904
2017-09-27,4.163844585418701
2017-09-28,4.328304767608643
2017-09-29,4.447912693023682
2017-10-02,4.6534881591796875
2017-10-03,4.560043811798096
2017-10-04,4.604897975921631
2017-10-05,4.560043811798096
2017-10-06,4.619848728179932
2017-10-09,4.507716655731201
2017-10-10,4.623586654663086
2017-10-11,4.638537406921387
2017-10-12,4.728242874145508
2017-10-13,4.840375900268555
2017-10-16,4.840375900268555
2017-10-17,4.93381929397583
2017-10-18,4.877752304077148
2017-10-19,4.881490707397461
2017-10-20,4.870277404785156
2017-10-23,4.859064102172852
2017-10-24,4.86653995513916
2017-10-25,4.888966083526611
2017-10-26,4.851588726043701
2017-10-27,4.859064102172852
2017-10-30,4.9599833488464355
2017-10-31,4.989884853363037
2017-11-01,4.974933624267578
2017-11-02,4.937556743621826
2017-11-03,5.150608062744141
2017-11-06,5.165558338165283
2017-11-07,5.0833282470703125
2017-11-08,4.993622779846191
2017-11-09,4.855326175689697
2017-11-10,5.008573532104492
2017-11-13,4.859064102172852
2017-11-14,4.859064102172852
2017-11-15,4.728242874145508
2017-11-16,4.690866470336914
2017-11-17,4.545094013214111
2017-11-20,4.462863445281982
2017-11-21,4.537618160247803
2017-11-22,4.563782215118408
2017-11-23,4.522667407989502
2017-11-24,4.533880233764648
2017-11-27,4.642275333404541
2017-11-28,4.3955841064453125
2017-11-29,4.485289573669434
2017-11-30,4.552569389343262
2017-12-01,4.418010711669922
2017-12-04,4.489027500152588
2017-12-05,4.533880233764648
2017-12-06,4.444174289703369
2017-12-07,4.492765426635742
2017-12-08,4.511453151702881
2017-12-11,4.552569389343262
2017-12-12,4.552569389343262
2017-12-13,4.548831462860107
2017-12-14,4.799259662628174
2017-12-15,4.765620708465576
2017-12-18,4.8104729652404785
2017-12-19,4.746931552886963
2017-12-20,4.735718250274658
2017-12-21,4.679652214050293
2017-12-22,4.664701461791992
2017-12-25,4.683390140533447
2017-12-26,4.6572265625
2017-12-27,4.7020792961120605
2017-12-28,4.750669956207275
2017-12-29,4.802998065948486
2018-01-01,4.802998065948486
2018-01-02,4.997361183166504
2018-01-03,5.1805100440979
2018-01-04,5.158083438873291
2018-01-05,5.221625328063965
2018-01-08,5.3038554191589355
2018-01-09,5.105755805969238
2018-01-10,5.165558338165283
2018-01-11,5.225363254547119
2018-01-12,5.169296741485596
2018-01-15,4.974933624267578
2018-01-16,5.109492778778076
2018-01-17,5.173033714294434
2018-01-18,5.14313268661499
2018-01-19,5.1805100440979
2018-01-22,5.277690887451172
2018-01-23,5.341233253479004
2018-01-24,5.5243821144104
2018-01-25,5.344970226287842
2018-01-26,5.359921932220459
2018-01-29,5.614088535308838
2018-01-30,5.520644187927246
2018-01-31,5.59166145324707
2018-02-01,5.673892021179199
2018-02-02,5.599137306213379
2018-02-05,5.5243821144104
2018-02-06,5.5131683349609375
2018-02-07,5.475790977478027
2018-02-08,5.341233253479004
2018-02-09,5.255264759063721
2018-02-12,5.468316555023193
2018-02-13,5.401036262512207
2018-02-14,5.341233253479004
2018-02-15,5.41972541809082
2018-02-16,5.453364849090576
2018-02-19,5.606612682342529
2018-02-20,5.5094313621521
2018-02-21,5.722482681274414
2018-02-22,5.88694429397583
2018-02-23,5.83087682723999
2018-02-26,5.86077880859375
2018-02-27,5.7860236167907715
2018-02-28,5.778548717498779
2018-03-01,5.711269378662109
2018-03-02,5.744908809661865
2018-03-05,5.845827579498291
2018-03-06,5.857039928436279
2018-03-07,5.804712295532227
2018-03-08,5.812188625335693
2018-03-09,5.789762020111084
2018-03-12,5.920582294464111
2018-03-13,5.931795597076416
2018-03-14,5.972911357879639
2018-03-15,5.939271450042725
2018-03-16,5.972911357879639
2018-03-19,6.219602108001709
2018-03-20,6.156060218811035
2018-03-21,6.171011447906494
2018-03-22,6.234553337097168
2018-03-23,6.395275592803955
2018-03-26,6.4887189865112305
2018-03-27,6.298094749450684
2018-03-28,6.126158714294434
2018-03-29,6.24202823638916
2018-03-30,6.204651355743408
2018-04-02,6.204651355743408
2018-04-03,6.223339557647705
2018-04-04,6.299479007720947
2018-04-05,6.307493209838867
2018-04-06,6.5078582763671875
2018-04-09,6.271427154541016
2018-04-10,6.183266639709473
2018-04-11,6.2273478507995605
2018-04-12,6.263412952423096
2018-04-13,6.203303337097168
2018-04-16,6.283449172973633
2018-04-17,6.191281795501709
2018-04-18,6.443741798400879
2018-04-19,6.6000261306762695
2018-04-20,6.604033470153809
2018-04-23,6.604033470153809
2018-04-24,6.788370132446289
2018-04-25,6.499843597412109
2018-04-26,6.33153772354126
2018-04-27,6.2393693923950195
2018-04-30,5.265594959259033
2018-05-01,5.265594959259033
2018-05-02,5.113317012786865
2018-05-03,4.945010185241699
2018-05-04,5.009127616882324
2018-05-07,4.724608421325684
2018-05-08,4.460127830505371
2018-05-09,4.820784091949463
2018-05-10,4.728616237640381
2018-05-11,4.636447906494141
2018-05-14,4.700565338134766
2018-05-15,4.608396530151367
2018-05-16,4.664499282836914
2018-05-17,4.7085795402526855
2018-05-18,4.668506145477295
2018-05-21,4.7927327156066895
2018-05-22,4.800747871398926
2018-05-23,4.740638732910156
2018-05-24,4.716594696044922
2018-05-25,4.688543319702148
2018-05-28,4.756667613983154
2018-05-29,4.720601558685303
2018-05-30,4.68052864074707
2018-05-31,4.64045524597168
2018-06-01,4.664499282836914
2018-06-04,4.68052864074707
2018-06-05,4.652477264404297
2018-06-06,4.6043901443481445
2018-06-07,4.5923686027526855
2018-06-08,4.484170913696289
2018-06-11,4.448105335235596
2018-06-12,4.404025554656982
2018-06-13,4.295827865600586
2018-06-14,4.404025554656982
2018-06-15,4.404025554656982
2018-06-18,4.424061298370361
2018-06-19,4.428067684173584
2018-06-20,4.452112674713135
2018-06-21,4.488178730010986
2018-06-22,4.512221813201904
2018-06-25,4.375973224639893
2018-06-26,4.412039279937744
2018-06-27,4.508214950561523
2018-06-28,4.552295207977295
2018-06-29,4.58034610748291
2018-07-02,4.672513961791992
2018-07-03,4.756667613983154
2018-07-04,4.7847185134887695
2018-07-05,4.856849670410156
2018-07-06,4.856849670410156
2018-07-09,4.652477264404297
2018-07-10,4.424061298370361
2018-07-11,4.119505882263184
2018-07-12,4.143549919128418
2018-07-13,4.155572414398193
2018-07-16,4.183623313903809
2018-07-17,4.247739315032959
2018-07-18,4.339907646179199
2018-07-19,4.335900783538818
2018-07-20,4.392003536224365
2018-07-23,4.4320759773254395
2018-07-24,4.207667350769043
2018-07-25,4.291820526123047
2018-07-26,4.271783351898193
2018-07-27,4.28781270980835
2018-07-30,4.508214950561523
2018-07-31,4.700565338134766
2018-08-01,4.612403869628906
2018-08-02,4.408032417297363
2018-08-03,4.480163097381592
2018-08-06,4.6003828048706055
2018-08-07,4.63244104385376
2018-08-08,4.5923686027526855
2018-08-09,4.58034610748291
2018-08-10,4.504207611083984
2018-08-13,4.428067684173584
2018-08-14,4.720601558685303
2018-08-15,4.28781270980835
2018-08-16,4.223696708679199
2018-08-17,4.2557549476623535
2018-08-20,4.2677764892578125
2018-08-21,4.2677764892578125
2018-08-22,4.2677764892578125
2018-08-23,4.2677764892578125
2018-08-24,4.2677764892578125
2018-08-27,4.404025554656982
2018-08-28,4.500199794769287
2018-08-29,4.440090179443359
2018-08-30,4.440090179443359
2018-08-31,4.480163097381592
2018-09-03,4.64045524597168
2018-09-04,4.568324089050293
2018-09-05,4.512221813201904
2018-09-06,4.512221813201904
2018-09-07,4.472148418426514
2018-09-10,4.351930141448975
2018-09-11,4.295827865600586
2018-09-12,4.247739315032959
2018-09-13,4.295827865600586
2018-09-14,4.283805847167969
2018-09-17,4.263769149780273
2018-09-18,4.283805847167969
2018-09-19,4.303842067718506
2018-09-20,4.3479228019714355
2018-09-21,4.4360833168029785
2018-09-24,4.5282511711120605
2018-09-25,4.468141555786133
2018-09-26,4.119505882263184
2018-09-27,4.02733850479126
2018-09-28,4.02733850479126
2018-10-01,3.963221311569214
2018-10-02,3.907119035720825
2018-10-03,3.9271554946899414
2018-10-04,3.7227835655212402
2018-10-05,3.6787033081054688
2018-10-08,3.638629674911499
2018-10-09,3.634622812271118
2018-10-10,3.5905425548553467
2018-10-11,3.638629674911499
2018-10-12,3.6787033081054688
2018-10-15,3.8349881172180176
2018-10-16,3.863039255142212
2018-10-17,3.875060558319092
2018-10-18,3.8670458793640137
2018-10-19,3.891090154647827
2018-10-22,3.891090154647827
2018-10-23,3.778885841369629
2018-10-24,3.6867177486419678
2018-10-25,3.602564573287964
2018-10-26,3.5905425548553467
2018-10-29,3.5905425548553467
2018-10-30,3.5865347385406494
2018-10-31,3.606571912765503
2018-11-01,3.614586114883423
2018-11-02,3.706754446029663
2018-11-05,3.6546595096588135
2018-11-06,3.630615472793579
2018-11-07,3.6546595096588135
2018-11-08,3.634622812271118
2018-11-09,3.534440517425537
2018-11-12,3.374148368835449
2018-11-13,3.378155469894409
2018-11-14,3.462308406829834
2018-11-15,3.442272424697876
2018-11-16,3.446279287338257
2018-11-19,3.430250406265259
2018-11-20,3.3100314140319824
2018-11-21,3.3300676345825195
2018-11-22,3.438265085220337
2018-11-23,3.422236204147339
2018-11-26,3.5063891410827637
2018-11-27,3.36613392829895
2018-11-28,3.354111909866333
2018-11-29,3.3180458545684814
2018-11-30,3.3020167350769043
2018-12-03,3.350104331970215
2018-12-04,3.281980276107788
2018-12-05,3.2539291381835938
2018-12-06,3.2419073581695557
2018-12-07,3.2579362392425537
2018-12-10,3.1777901649475098
2018-12-11,3.157754421234131
2018-12-12,3.0615787506103516
2018-12-13,3.0495567321777344
2018-12-14,2.9654030799865723
2018-12-17,2.9012866020202637
2018-12-18,2.925330400466919
2018-12-19,3.009483575820923
2018-12-20,2.957388401031494
2018-12-21,2.9453670978546143
2018-12-24,2.9654030799865723
2018-12-25,2.9894473552703857
2018-12-26,3.025512218475342
2018-12-27,3.001469373703003
2018-12-28,2.9814326763153076
2018-12-31,2.9974613189697266
2019-01-01,2.9974613189697266
2019-01-02,2.9654030799865723
2019-01-03,2.933345317840576
2019-01-04,2.9654030799865723
2019-01-07,2.9894473552703857
2019-01-08,2.9974613189697266
2019-01-09,3.025512218475342
2019-01-10,3.0295205116271973
2019-01-11,3.041541814804077
2019-01-14,3.009483575820923
2019-01-15,3.025512218475342
2019-01-16,3.093637228012085
2019-01-17,3.1537461280822754
2019-01-18,3.16977596282959
2019-01-21,3.157754421234131
2019-01-22,3.17378306388855
2019-01-23,3.1777901649475098
2019-01-24,3.269958734512329
2019-01-25,3.346097230911255
2019-01-28,3.378155469894409
2019-01-29,3.3861701488494873
2019-01-30,3.4182283878326416
2019-01-31,3.4743306636810303
2019-02-01,3.450287342071533
2019-02-04,3.446279287338257
2019-02-05,3.5825276374816895
2019-02-06,3.7628564834594727
2019-02-07,3.702747106552124
2019-02-08,3.634622812271118
2019-02-11,3.694732427597046
2019-02-12,3.7388126850128174
2019-02-13,3.6666808128356934
2019-02-14,3.5745129585266113
2019-02-15,3.62660813331604
2019-02-18,3.5825276374816895
2019-02-19,3.614586114883423
2019-02-20,3.6466448307037354
2019-02-21,3.778885841369629
2019-02-22,3.8430027961730957
2019-02-25,3.8389949798583984
2019-02-26,3.8550238609313965
2019-02-27,3.77487850189209
2019-02-28,3.802929162979126
2019-03-01,3.7468276023864746
2019-03-04,3.7348053455352783
2019-03-05,3.7668635845184326
2019-03-06,3.782892942428589
2019-03-07,3.6466448307037354
2019-03-08,3.6466448307037354
2019-03-11,3.606571912765503
2019-03-12,3.5664989948272705
2019-03-13,3.6987390518188477
2019-03-14,3.6626744270324707
2019-03-15,3.758849620819092
2019-03-18,3.7628564834594727
2019-03-19,3.8510169982910156
2019-03-20,3.782892942428589
2019-03-21,3.7508342266082764
2019-03-22,3.62660813331604
2019-03-25,3.5664989948272705
2019-03-26,3.6987390518188477
2019-03-27,3.462308406829834
2019-03-28,3.5705058574676514
2019-03-29,3.622600793838501
2019-04-01,3.7468276023864746
2019-04-02,3.7869009971618652
2019-04-03,3.8189587593078613
2019-04-04,3.9151339530944824
2019-04-05,3.9872655868530273
2019-04-08,3.9992876052856445
2019-04-09,3.966161012649536
2019-04-10,3.993203639984131
2019-04-11,3.9436259269714355
2019-04-12,3.9075698852539062
2019-04-15,3.9075698852539062
2019-04-16,3.8985559940338135
2019-04-17,3.9436259269714355
2019-04-18,3.925597667694092
2019-04-19,3.921091079711914
2019-04-22,3.8985559940338135
2019-04-23,3.8985559940338135
2019-04-24,3.7813735008239746
2019-04-25,3.6912341117858887
2019-04-26,3.632642984390259
2019-04-29,3.7363035678863525
2019-04-30,3.6957404613494873
2019-05-01,3.6957404613494873
2019-05-02,3.6461639404296875
2019-05-03,3.5650382041931152
2019-05-06,3.5515174865722656
2019-05-07,3.682220220565796
2019-05-08,3.6912341117858887
2019-05-09,3.6596851348876953
2019-05-10,3.682220220565796
2019-05-13,3.628136157989502
2019-05-14,3.7903881072998047
2019-05-15,3.7498247623443604
2019-05-16,3.7588393688201904
2019-05-17,3.7588393688201904
2019-05-20,3.7498247623443604
2019-05-21,3.6371493339538574
2019-05-22,3.5785582065582275
2019-05-23,3.5920796394348145
2019-05-24,3.6596851348876953
2019-05-27,3.7092621326446533
2019-05-28,3.704754590988159
2019-05-29,3.8174304962158203
2019-05-30,3.826443910598755
2019-05-31,3.8489792346954346
2019-06-03,3.876020908355713
2019-06-04,3.876020908355713
2019-06-05,3.876020908355713
2019-06-06,3.876020908355713
2019-06-07,3.9030630588531494
2019-06-10,4.015738010406494
2019-06-11,4.03376579284668
2019-06-12,4.1058783531188965
2019-06-13,4.042779922485352
2019-06-14,4.0923566818237305
2019-06-17,4.196018695831299
2019-06-18,4.2636237144470215
2019-06-19,4.236580848693848
2019-06-20,4.177989482879639
2019-06-21,4.096863746643066
2019-06-24,4.132920265197754
2019-06-25,4.1013712882995605
2019-06-26,4.1058783531188965
2019-06-27,4.155455112457275
2019-06-28,4.159961700439453
2019-07-01,4.1464409828186035
2019-07-02,4.13742733001709
2019-07-03,4.1464409828186035
2019-07-04,4.123905658721924
2019-07-05,4.087850093841553
2019-07-08,4.03376579284668
2019-07-09,3.9120771884918213
2019-07-10,3.970667839050293
2019-07-11,3.9977099895477295
2019-07-12,3.867007255554199
2019-07-15,3.867007255554199
2019-07-16,3.876020908355713
2019-07-17,3.9436259269714355
2019-07-18,4.03376579284668
2019-07-19,4.078835964202881
2019-07-22,4.096863746643066
2019-07-23,4.119399547576904
2019-07-24,4.13742733001709
2019-07-25,4.128412246704102
2019-07-26,4.227567195892334
2019-07-29,4.362777233123779
2019-07-30,4.32672119140625
2019-07-31,4.2591166496276855
2019-08-01,4.159961700439453
2019-08-02,4.065314769744873
2019-08-05,4.015738010406494
2019-08-06,4.002216815948486
2019-08-07,3.975175380706787
2019-08-08,4.11489200592041
2019-08-09,3.871514081954956
2019-08-12,3.871514081954956
2019-08-13,3.871514081954956
2019-08-14,3.871514081954956
2019-08-15,3.7092621326446533
2019-08-16,3.6957404613494873
2019-08-19,3.722783088684082
2019-08-20,3.8084158897399902
2019-08-21,3.767852783203125
2019-08-22,3.7768666744232178
2019-08-23,3.8444714546203613
2019-08-26,3.8174304962158203
2019-08-27,3.880528211593628
2019-08-28,3.916583776473999
2019-08-29,3.8985559940338135
2019-08-30,3.8985559940338135
2019-09-02,3.925597667694092
2019-09-03,4.011230945587158
2019-09-04,4.078835964202881
2019-09-05,4.11489200592041
2019-09-06,4.1644697189331055
2019-09-09,4.205031871795654
2019-09-10,4.281651496887207
2019-09-11,4.295172214508057
2019-09-12,4.196018695831299
2019-09-13,4.254609107971191
2019-09-16,4.227567195892334
2019-09-17,4.209538459777832
2019-09-18,4.277143955230713
2019-09-19,4.23207426071167
2019-09-20,4.177989482879639
2019-09-23,4.150948524475098
2019-09-24,4.214046478271484
2019-09-25,4.2636237144470215
2019-09-26,4.268130302429199
2019-09-27,4.362777233123779
2019-09-30,4.412353992462158
2019-10-01,4.39883279800415
2019-10-02,4.335734844207764
2019-10-03,4.299679279327393
2019-10-04,4.308692932128906
2019-10-07,4.286158084869385
2019-10-08,4.2591166496276855
2019-10-09,4.227567195892334
2019-10-10,4.141933917999268
2019-10-11,4.168976306915283
2019-10-14,4.011230945587158
2019-10-15,4.078835964202881
2019-10-16,4.119399547576904
2019-10-17,4.119399547576904
2019-10-18,4.290665149688721
2019-10-21,4.277143955230713
2019-10-22,4.457424163818359
2019-10-23,4.4889726638793945
2019-10-24,4.466438293457031
2019-10-25,4.538549423217773
2019-10-28,4.736857891082764
2019-10-30,4.732351779937744
2019-10-31,4.6467180252075195
2019-11-01,4.664746284484863
2019-11-04,4.781928539276123
2019-11-05,4.768407344818115
2019-11-06,4.899110317230225
2019-11-07,5.079391002655029
2019-11-08,5.0523481369018555
2019-11-11,5.056855201721191
2019-11-12,5.142488956451416
2019-11-13,5.1515021324157715
2019-11-14,5.0523481369018555
2019-11-15,5.124459743499756
2019-11-18,5.205586910247803
2019-11-19,5.219107627868652
2019-11-20,5.183050632476807
2019-11-21,5.331783294677734
2019-11-22,5.390373229980469
2019-11-25,5.246149063110352
2019-11-26,5.417415618896484
2019-11-27,5.485020637512207
2019-11-28,5.480513572692871
2019-11-29,5.430936336517334
2019-12-02,5.53910493850708
2019-12-03,5.602202892303467
2019-12-04,5.615724086761475
2019-12-05,5.575160503387451
2019-12-06,5.791496753692627
2019-12-09,5.895157814025879
2019-12-10,5.764454364776611
2019-12-11,5.732905864715576
2019-12-12,5.850087642669678
2019-12-13,5.904171943664551
2019-12-16,5.935720443725586
2019-12-17,6.016846656799316
2019-12-18,5.994311809539795
2019-12-19,5.998818397521973
2019-12-20,5.958255767822266
2019-12-23,6.093466281890869
2019-12-24,6.1114935874938965
2019-12-25,6.070930480957031
2019-12-26,6.1700849533081055
2019-12-27,6.12952184677124
2019-12-30,6.22416877746582
2019-12-31,6.188112735748291
2020-01-02,6.179098606109619
2020-01-03,6.007832050323486
2020-01-06,5.895157814025879
2020-01-07,6.007832050323486
2020-01-08,5.95374870300293
2020-01-09,6.120508193969727
2020-01-10,6.296281337738037
2020-01-13,6.336843013763428
2020-01-14,6.2467041015625
2020-01-15,6.278253555297852
2020-01-16,6.174592018127441
2020-01-17,6.1700849533081055
2020-01-20,6.300787925720215
2020-01-21,6.467546463012695
2020-01-22,6.4224772453308105
2020-01-23,6.404448509216309
2020-01-24,6.463039875030518
2020-01-27,6.431490898132324
2020-01-28,6.417969703674316
2020-01-29,6.381913661956787
2020-01-30,6.309802532196045
2020-01-31,6.323322772979736
2020-02-03,6.35487174987793
2020-02-04,6.481067657470703
2020-02-05,6.4224772453308105
2020-02-06,6.386420726776123
2020-02-07,6.399941444396973
2020-02-10,6.2692389488220215
2020-02-11,6.35487174987793
2020-02-12,6.388674736022949
2020-02-13,6.491208553314209
2020-02-14,6.783037185668945
2020-02-17,6.372900485992432
2020-02-18,6.2467041015625
2020-02-19,6.065297603607178
2020-02-20,5.7103705406188965
2020-02-21,6.017974376678467
2020-02-24,6.294027805328369
2020-02-25,6.301914691925049
2020-02-26,6.443885803222656
2020-02-27,6.2467041015625
2020-02-28,6.15205717086792
2020-03-02,6.183606147766113
2020-03-03,6.144169807434082
2020-03-04,6.033748626708984
2020-03-05,6.223042011260986
2020-03-06,6.0258612632751465
2020-03-09,5.536851406097412
2020-03-10,5.442204475402832
2020-03-11,5.442204475402832
2020-03-12,5.103052616119385
2020-03-13,5.3633317947387695
2020-03-16,4.9058709144592285
2020-03-17,4.685028553009033
2020-03-18,4.748126029968262
2020-03-19,4.7639007568359375
2020-03-20,4.882209300994873
2020-03-23,4.6455912590026855
2020-03-24,4.992630958557129
2020-03-25,4.874321460723877
2020-03-26,5.024179935455322
2020-03-27,4.890096664428711
2020-03-30,4.8664350509643555
2020-03-31,4.968969345092773
2020-04-01,5.118826866149902
2020-04-02,5.205586910247803
2020-04-03,5.3633317947387695
2020-04-06,5.528964519500732
2020-04-07,5.4496002197265625
2020-04-08,5.476055145263672
2020-04-09,5.458418846130371
2020-04-10,5.4407830238342285
2020-04-13,5.370237827301025
2020-04-14,5.423146724700928
2020-04-15,5.2556023597717285
2020-04-16,5.4407830238342285
2020-04-17,5.4496002197265625
2020-04-20,5.43196439743042
2020-04-21,5.334965705871582
2020-04-22,5.370237827301025
2020-04-24,5.423146724700928
2020-04-27,5.528964042663574
2020-04-28,5.4407830238342285
2020-04-29,5.714144706726074
2020-04-30,5.590691089630127
2020-05-04,5.458418846130371
2020-05-05,5.484873294830322
2020-05-06,5.581872463226318
2020-05-07,5.537782669067383
2020-05-08,5.43196439743042
2020-05-11,5.520145893096924
2020-05-12,5.590691089630127
2020-05-13,5.634781360626221
2020-05-14,5.661235809326172
2020-05-15,5.722962856292725
2020-05-18,5.784689903259277
2020-05-20,5.767053127288818
2020-05-21,5.8111443519592285
2020-05-22,5.758235454559326
2020-05-27,5.767053127288818
2020-05-28,5.705326557159424
2020-05-29,5.722962856292725
2020-06-01,5.828780174255371
2020-06-02,5.855234622955322
2020-06-03,5.925779342651367
2020-06-04,5.99632453918457
2020-06-05,5.978688716888428
2020-06-08,5.881689071655273
2020-06-09,5.872870445251465
2020-06-10,5.987506866455078
2020-06-11,5.969870567321777
2020-06-12,6.569502830505371
2020-06-15,6.428412914276123
2020-06-16,6.366685390472412
2020-06-17,6.384322166442871
2020-06-18,6.454867362976074
2020-06-19,6.401958465576172
2020-06-22,6.437231063842773
2020-06-23,6.481321334838867
2020-06-24,6.234414100646973
2020-06-25,6.137414455413818
2020-06-26,6.322595119476318
2020-06-29,6.340230941772461
2020-06-30,6.410776138305664
2020-07-01,6.384322166442871
2020-07-02,6.490139961242676
2020-07-03,6.516593933105469
2020-07-06,6.657683849334717
2020-07-07,6.569502830505371
2020-07-08,7.036863327026367
2020-07-09,6.446048736572266
2020-07-10,6.304959297180176
2020-07-13,6.490139961242676
2020-07-14,6.410776138305664
2020-07-16,6.54304838180542
2020-07-17,6.648865699768066
2020-07-20,6.816410064697266
2020-07-21,6.587138652801514
2020-07-22,6.472503185272217
2020-07-23,6.516593933105469
2020-07-24,6.534229755401611
2020-07-27,6.595957279205322
2020-07-28,6.410776138305664
2020-07-29,6.604774475097656
2020-07-30,6.525412082672119
2020-08-04,6.1638689041137695
2020-08-05,6.269686222076416
2020-08-06,6.040415287017822
2020-08-07,6.331413269042969
2020-08-10,6.357868194580078
2020-08-11,6.454867362976074
2020-08-12,6.428412914276123
2020-08-13,6.428412914276123
2020-08-14,6.498957633972168
2020-08-17,6.1638689041137695
2020-08-18,6.058051586151123
2020-08-19,6.1638689041137695
2020-08-20,6.190323352813721
2020-08-21,6.146232604980469
2020-08-24,6.084505558013916
2020-08-25,6.013960838317871
2020-08-26,5.943415641784668
2020-08-27,5.943415641784668
2020-08-28,5.934597969055176
2020-08-31,5.934597969055176
2020-09-01,5.890507221221924
2020-09-02,5.916961669921875
2020-09-03,5.80232572555542
2020-09-04,5.8111443519592285
2020-09-07,5.987506866455078
2020-09-08,5.899324893951416
2020-09-09,5.925779342651367
2020-09-10,5.952233791351318
2020-09-11,6.013960838317871
2020-09-14,6.1638689041137695
2020-09-15,6.128596305847168
2020-09-16,6.093323707580566
2020-09-17,6.031597137451172
2020-09-18,6.049233436584473
2020-09-21,6.110960006713867
2020-09-22,6.190323352813721
2020-09-23,6.207959175109863
2020-09-24,6.172687530517578
2020-09-25,6.172687530517578
2020-09-28,6.128596305847168
2020-09-29,6.18150520324707
2020-09-30,6.313776969909668
2020-10-01,6.313776969909668
2020-10-02,6.419594764709473
2020-10-05,6.446048736572266
2020-10-06,7.089771747589111
2020-10-07,7.3190436363220215
2020-10-08,7.195589542388916
2020-10-09,7.1162261962890625
2020-10-12,7.09859037399292
2020-10-13,7.151498794555664
2020-10-14,7.222043514251709
2020-10-15,6.931046009063721
2020-10-16,7.072136402130127
2020-10-19,7.186770915985107
2020-10-20,7.195589542388916
2020-10-21,7.407224178314209
2020-10-22,7.28377103805542
2020-10-23,7.4601335525512695
2020-10-26,6.957499980926514
2020-10-27,7.10740852355957
2020-10-28,6.966318607330322
2020-10-30,7.142681121826172
2020-11-02,7.4424967765808105
2020-11-03,7.266134262084961
2020-11-04,7.451314926147461
2020-11-05,7.654132843017578
2020-11-06,7.936311721801758
2020-11-09,8.236128807067871
2020-11-10,8.192037582397461
2020-11-11,8.306673049926758
2020-11-12,8.738760948181152
2020-11-13,8.75639820098877
2020-11-16,8.738760948181152
2020-11-17,8.738760948181152
2020-11-18,8.826943397521973
2020-11-19,9.22375774383545
2020-11-20,9.488302230834961
2020-11-23,9.417757034301758
2020-11-24,9.691118240356445
2020-11-25,9.45302963256836
2020-11-26,9.523574829101562
2020-11-27,9.373665809631348
2020-11-30,9.364847183227539
2020-12-01,9.558847427368164
2020-12-02,9.479483604431152
2020-12-03,9.391303062438965
2020-12-04,9.45302963256836
2020-12-07,9.523574829101562
2020-12-08,9.470664978027344
2020-12-09,9.550028800964355
2020-12-10,10.079116821289062
2020-12-11,10.299570083618164
2020-12-14,10.30838680267334
2020-12-15,10.317205429077148
2020-12-16,10.37893295288086
2020-12-17,10.758111000061035
2020-12-18,10.546477317810059
2020-12-21,10.475932121276855
2020-12-22,10.458295822143555
2020-12-23,11.331290245056152
2020-12-24,11.763378143310547
2020-12-25,11.842741012573242
2020-12-28,12.601099967956543
2020-12-29,12.539372444152832
2020-12-30,12.627553939819336
2020-12-31,12.495282173156738
2021-01-04,12.706917762756348
2021-01-05,12.424736976623535
2021-01-06,12.407100677490234
2021-01-07,12.380646705627441
2021-01-08,12.336556434631348
2021-01-11,12.398283004760742
2021-01-12,12.989097595214844
2021-01-13,12.856825828552246
2021-01-14,12.53055477142334
2021-01-15,12.512918472290039
2021-01-18,12.856825828552246
2021-01-19,12.768644332885742
2021-01-20,12.830370903015137
2021-01-21,12.795098304748535
2021-01-22,12.892097473144531
2021-01-25,13.024370193481445
2021-01-26,13.28891372680664
2021-01-27,12.460010528564453
2021-01-28,12.830370903015137
2021-01-29,12.874462127685547
2021-02-01,13.050824165344238
2021-02-02,13.112550735473633
2021-02-03,13.103732109069824
2021-02-04,13.139005661010742
2021-02-05,13.218368530273438
2021-02-08,13.139005661010742
2021-02-09,13.209548950195312
2021-02-10,13.465276718139648
2021-02-11,14.047272682189941
2021-02-12,14.091361999511719
2021-02-15,14.999629020690918
2021-02-16,15.07899284362793
2021-02-17,14.593995094299316
2021-02-18,14.17072582244873
2021-02-19,15.581624984741211
2021-02-22,14.832085609436035
2021-02-23,14.135454177856445
2021-02-24,13.632820129394531
2021-02-25,14.40881633758545
2021-02-26,14.020817756652832
2021-03-01,14.285362243652344
2021-03-02,13.941454887390137
2021-03-03,14.814448356628418
2021-03-04,15.03490161895752
2021-03-05,14.690994262695312
2021-03-08,14.805632591247559
2021-03-09,14.981993675231934
2021-03-10,15.308265686035156
2021-03-11,16.013713836669922
2021-03-12,15.67862606048584
2021-03-15,15.784442901611328
2021-03-16,15.846168518066406
2021-03-17,15.731534004211426
2021-03-18,14.990811347961426
2021-03-19,15.246538162231445
2021-03-22,13.729820251464844
2021-03-23,13.412367820739746
2021-03-24,14.19718074798584
2021-03-25,13.668092727661133
2021-03-26,13.88854694366455
2021-03-29,13.624002456665039
2021-03-30,14.611631393432617
2021-03-31,14.285362243652344
2021-04-01,14.47935962677002
2021-04-02,14.690994262695312
2021-04-05,14.981993675231934
2021-04-06,15.008448600769043
2021-04-07,14.743903160095215
2021-04-08,14.946721076965332
2021-04-09,14.54108715057373
2021-04-12,14.435270309448242
2021-04-13,14.239694595336914
2021-04-14,14.472522735595703
2021-04-15,14.332825660705566
2021-04-16,14.072059631347656
2021-04-19,13.95098876953125
2021-04-20,13.503961563110352
2021-04-21,13.69022274017334
2021-04-22,13.373579025268555
2021-04-26,13.783354759216309
2021-04-27,13.867172241210938
2021-04-28,14.388704299926758
2021-04-29,14.938176155090332
2021-04-30,15.26413345336914
2021-05-03,15.282759666442871
2021-05-04,15.431768417358398
2021-05-05,15.757726669311523
2021-05-06,15.990553855895996
2021-05-07,14.807792663574219
2021-05-10,14.351451873779297
2021-05-11,14.090685844421387
2021-05-12,14.398016929626465
2021-05-17,15.320013046264648
2021-05-18,14.826419830322266
2021-05-20,15.087185859680176
2021-05-21,15.571465492248535
2021-05-24,15.636658668518066
2021-05-25,14.789166450500488
2021-05-26,15.171004295349121
2021-05-27,15.515585899353027
2021-05-28,15.217568397521973
2021-05-31,14.994054794311523
2021-06-01,15.208255767822266
2021-06-02,14.9847412109375
2021-06-03,14.882296562194824
2021-06-04,14.76122760772705
2021-06-07,14.733287811279297
2021-06-08,14.779852867126465
2021-06-09,14.723976135253906
2021-06-10,14.779852867126465
2021-06-11,14.789166450500488
2021-06-14,14.658783912658691
2021-06-15,14.547026634216309
2021-06-16,14.276947975158691
2021-06-17,14.258321762084961
2021-06-18,14.155877113342285
2021-06-21,14.127938270568848
2021-06-22,14.258321762084961
2021-06-23,14.46320915222168
2021-06-24,14.891610145568848
2021-06-25,14.258321762084961
2021-06-28,14.11862564086914
2021-06-29,14.435269355773926
2021-06-30,13.95098876953125
2021-07-01,14.398016929626465
2021-07-02,14.249008178710938
2021-07-05,14.37939167022705
2021-07-06,14.556340217590332
2021-07-07,14.76122760772705
2021-07-08,15.310699462890625
2021-07-09,14.994054794311523
2021-07-12,14.70534896850586
2021-07-13,14.398016929626465
2021-07-14,14.62153148651123
2021-07-16,14.574966430664062
2021-07-19,14.612217903137207
2021-07-26,14.640157699584961
2021-07-27,14.70534896850586
2021-07-28,15.01268196105957
2021-07-29,15.124436378479004
2021-07-30,15.171004295349121
2021-08-02,15.171004295349121
2021-08-03,15.068559646606445
2021-08-04,15.282759666442871
2021-08-05,15.534213066101074
2021-08-06,15.459709167480469
2021-08-09,15.450395584106445
2021-08-10,15.580777168273926
2021-08-11,15.180315017700195
2021-08-12,15.4783353805542
2021-08-13,16.763540267944336
2021-08-16,16.670408248901367
2021-08-17,17.592403411865234
2021-08-18,17.64828109741211
2021-08-19,17.452707290649414
2021-08-20,18.44920539855957
2021-08-23,17.713472366333008
2021-08-24,17.452707290649414
2021-08-25,17.806604385375977
2021-08-26,18.067371368408203
2021-08-27,18.346763610839844
2021-08-31,18.16050148010254
2021-09-01,18.067371368408203
2021-09-02,17.806604385375977
2021-09-03,17.815916061401367
2021-09-06,17.50858497619629
2021-09-07,17.16400146484375
2021-09-08,17.72278594970703
2021-09-09,17.909048080444336
2021-09-10,18.179126739501953
2021-09-13,17.741411209106445
2021-09-14,17.797292709350586
2021-09-15,18.998676300048828
2021-09-16,18.86829376220703
2021-09-17,19.48295783996582
2021-09-20,19.52021026611328
2021-09-21,18.998676300048828
2021-09-22,19.2780704498291
2021-09-23,19.2780704498291
2021-09-24,18.96142578125
2021-09-27,19.12906265258789
2021-09-28,18.71928596496582
2021-09-29,19.24081802368164
2021-09-30,19.017303466796875
2021-10-01,18.998676300048828
2021-10-04,18.700658798217773
2021-10-05,18.439891815185547
2021-10-06,18.27225685119629
2021-10-07,19.07318115234375
2021-10-08,18.83104133605957
2021-10-11,18.905546188354492
2021-10-12,18.980051040649414
2021-10-13,18.75653839111328
2021-10-14,18.58890151977539
2021-10-15,18.523710250854492
2021-10-18,18.663406372070312
2021-10-19,19.2780704498291
2021-10-20,19.799602508544922
2021-10-21,20.1721248626709
2021-10-22,20.432891845703125
2021-10-25,20.93579864501953
2021-10-26,20.954423904418945
2021-10-27,21.960235595703125
2021-10-28,21.82985496520996
2021-11-01,21.978862762451172
2021-11-02,21.848478317260742
2021-11-03,21.364198684692383
2021-11-04,22.034740447998047
2021-11-05,21.77397346496582
2021-11-08,21.5690860748291
2021-11-09,21.45733070373535
2021-11-10,21.382823944091797
2021-11-11,21.51321029663086
2021-11-12,21.718095779418945
2021-11-15,22.016115188598633
2021-11-16,22.202377319335938
2021-11-17,22.034740447998047
2021-11-18,21.960235595703125
2021-11-19,22.70528221130371
2021-11-22,23.0033016204834
2021-11-23,23.822851181030273
2021-11-24,23.74834632873535
2021-11-25,24.158123016357422
2021-11-26,24.251253128051758
2021-11-29,25.98348617553711
2021-11-30,25.81584930419922
2021-12-01,27.156932830810547
2021-12-02,27.659841537475586
2021-12-03,27.846101760864258
2021-12-06,27.715717315673828
2021-12-07,27.99510955810547
2021-12-08,27.920604705810547
2021-12-09,28.330381393432617
2021-12-10,29.671464920043945
2021-12-13,32.63302230834961
2021-12-14,33.6947135925293
2021-12-15,34.12311553955078
2021-12-16,35.18480682373047
2021-12-17,32.42813491821289
2021-12-20,35.128929138183594
2021-12-21,31.627208709716797
2021-12-22,30.006736755371094
2021-12-23,29.13130760192871
2021-12-24,30.58414649963379
2021-12-27,30.509639739990234
2021-12-28,29.801847457885742
2021-12-29,30.267499923706055
2021-12-30,31.254688262939453
2021-12-31,31.925228118896484
2022-01-03,33.86235046386719
2022-01-04,33.75059509277344
2022-01-05,33.67608642578125
2022-01-06,33.37806701660156
2022-01-07,32.8006591796875
2022-01-10,32.595767974853516
2022-01-11,31.906599044799805
2022-01-12,31.757591247558594
2022-01-13,31.16155433654785
2022-01-14,31.925228118896484
2022-01-17,31.794845581054688
2022-01-18,30.192995071411133
2022-01-19,30.155744552612305
2022-01-20,29.950855255126953
2022-01-21,29.85772705078125
2022-01-24,28.367633819580078
2022-01-25,28.088239669799805
2022-01-26,28.05099105834961
2022-01-27,28.442138671875
2022-01-28,28.8891658782959
2022-01-31,29.839101791381836
2022-02-01,29.466575622558594
2022-02-02,28.945045471191406
2022-02-03,27.771596908569336
2022-02-04,27.603960037231445
2022-02-07,27.939231872558594
2022-02-08,27.79022216796875
2022-02-09,28.87053871154785
2022-02-10,28.628398895263672
2022-02-11,28.96367073059082
2022-02-14,27.976484298706055
2022-02-15,28.27450180053711
2022-02-16,30.565519332885742
2022-02-17,30.58414649963379
2022-02-18,31.683088302612305
2022-02-21,32.20462417602539
2022-02-22,33.825096130371094
2022-02-23,35.01716995239258
2022-02-24,32.09286117553711
2022-02-25,34.92403793334961
2022-02-28,33.471195220947266
2022-03-01,34.365257263183594
2022-03-02,34.700523376464844
2022-03-03,34.067237854003906
2022-03-04,32.70752716064453
2022-03-07,32.70752716064453
2022-03-08,33.08005142211914
2022-03-09,32.968292236328125
2022-03-10,32.48401641845703
2022-03-11,33.024173736572266
2022-03-14,33.88097381591797
2022-03-15,33.452571868896484
2022-03-16,33.48982620239258
2022-03-17,33.75059509277344
2022-03-18,33.21043395996094
2022-03-21,33.76921844482422
2022-03-22,34.92403793334961
2022-03-23,36.78665542602539
2022-03-24,37.40131759643555
2022-03-25,39.95310592651367
2022-03-28,40.90303039550781
2022-03-29,40.046234130859375
2022-03-30,40.474632263183594
2022-03-31,40.60501480102539
2022-04-01,40.40012741088867
2022-04-04,42.20686721801758
2022-04-05,42.74702835083008
2022-04-06,45.09391784667969
2022-04-07,44.21849060058594
2022-04-08,43.62245559692383
2022-04-11,43.77146530151367
2022-04-12,44.96353530883789
2022-04-13,44.33024597167969
2022-04-14,43.957725524902344
2022-04-15,44.81452941894531
2022-04-18,44.5723876953125
2022-04-19,45.22430419921875
2022-04-20,45.485069274902344
2022-04-21,45.339874267578125
2022-04-22,43.42328643798828
2022-04-25,44.759090423583984
2022-04-26,43.01673889160156
2022-04-27,44.19766616821289
2022-04-28,43.829833984375
2022-04-29,44.66229248046875
2022-05-05,44.79780960083008
2022-05-06,47.23710250854492
2022-05-09,46.77247619628906
2022-05-10,47.14030456542969
2022-05-11,46.714393615722656
2022-05-12,45.30115509033203
2022-05-13,46.636959075927734
2022-05-16,45.456031799316406
2022-05-17,45.41730880737305
2022-05-18,46.385284423828125
2022-05-20,45.26243591308594
2022-05-23,46.94670867919922
2022-05-24,47.9146842956543
2022-05-25,47.5855712890625
2022-05-26,47.83724594116211
2022-05-27,52.609352111816406
2022-05-30,53.81932067871094
2022-05-31,56.19085693359375
2022-06-01,59.77235794067383
2022-06-02,59.23997497558594
2022-06-03,59.04637908935547
2022-06-06,58.65918731689453
2022-06-07,58.12680435180664
2022-06-08,58.755985260009766
2022-06-09,60.49833679199219
2022-06-10,59.28837203979492
2022-06-13,58.320396423339844
2022-06-14,58.175201416015625
2022-06-15,59.91755676269531
2022-06-16,59.336769104003906
2022-06-17,59.82075500488281
2022-06-20,59.19157409667969
2022-06-21,58.70758819580078
2022-06-22,58.41719436645508
2022-06-23,57.400821685791016
2022-06-24,57.25563049316406
2022-06-27,55.31968307495117
2022-06-28,55.17448425292969
2022-06-29,52.75455093383789
2022-06-30,55.99726104736328
2022-07-01,55.368080139160156
2022-07-04,53.33533477783203
2022-07-05,53.91611862182617
2022-07-06,55.1260871887207
2022-07-07,55.464874267578125
2022-07-08,57.20722579956055
2022-07-13,56.38445281982422
2022-07-14,56.57804489135742
2022-07-18,58.030006408691406
2022-07-19,57.20722579956055
2022-07-20,57.400821685791016
2022-07-21,55.90046310424805
2022-07-22,56.04566192626953
2022-07-25,55.27128219604492
2022-07-26,55.85206604003906
2022-07-27,54.932491302490234
2022-07-28,56.19085693359375
2022-07-29,56.91683578491211
2022-08-01,58.368797302246094
2022-08-02,57.594417572021484
2022-08-03,58.07840347290039
2022-08-04,60.01435089111328
2022-08-05,58.949581146240234
2022-08-08,58.949581146240234
2022-08-09,57.73961639404297
2022-08-10,59.04637908935547
2022-08-11,59.530364990234375
2022-08-12,56.77164077758789
2022-08-15,55.22288131713867
2022-08-16,55.70686721801758
2022-08-17,55.85206604003906
2022-08-18,55.85206604003906
2022-08-19,55.85206604003906
2022-08-22,56.62644577026367
2022-08-23,56.1424560546875
2022-08-24,54.6421012878418
2022-08-25,54.400108337402344
2022-08-26,54.10971450805664
2022-08-29,53.625728607177734
2022-08-31,53.48052978515625
2022-09-01,52.31896209716797
2022-09-02,53.577327728271484
2022-09-05,53.86772155761719
2022-09-06,55.368080139160156
2022-09-07,54.6421012878418
2022-09-08,54.012916564941406
2022-09-09,54.44850540161133
2022-09-12,54.6421012878418
2022-09-13,52.802947998046875
2022-09-14,53.5289306640625
2022-09-15,54.400108337402344
2022-09-16,56.1424560546875
2022-09-19,54.6421012878418
2022-09-20,55.70686721801758
2022-09-21,55.368080139160156
2022-09-22,57.73961639404297
2022-09-23,56.965232849121094
2022-09-26,56.82004165649414
2022-09-27,55.658470153808594
2022-09-28,54.5452995300293
2022-09-29,53.67412567138672
2022-09-30,55.70686721801758
2022-10-03,58.07840347290039
2022-10-04,63.88624572753906
2022-10-05,68.58091735839844
2022-10-06,67.08055877685547
2022-10-07,67.85493469238281
2022-10-10,65.28980255126953
2022-10-11,64.46702575683594
2022-10-12,62.143890380859375
2022-10-13,64.079833984375
2022-10-14,64.51542663574219
2022-10-17,66.0641860961914
2022-10-18,64.5638198852539
2022-10-19,63.64425277709961
2022-10-20,62.72468185424805
2022-10-21,67.56454467773438
2022-10-24,69.5972900390625
2022-10-25,67.85493469238281
2022-10-26,69.01651000976562
2022-10-27,66.3061752319336
2022-10-28,65.82218933105469
2022-10-31,67.41934967041016
2022-11-01,69.1133041381836
2022-11-02,71.87202453613281
2022-11-03,73.90476989746094
2022-11-04,73.08199310302734
2022-11-07,72.2108154296875
2022-11-08,74.29196166992188
2022-11-09,74.34036254882812
2022-11-10,75.59872436523438
2022-11-11,78.16385650634766
2022-11-14,78.4542465209961
2022-11-15,77.48627471923828
2022-11-16,78.40584564208984
2022-11-17,74.58235168457031
2022-11-18,76.27630615234375
2022-11-21,76.17950439453125
2022-11-22,81.26136779785156
2022-11-23,81.69696044921875
2022-11-24,82.5681381225586
2022-11-25,83.97169494628906
2022-11-28,82.61653137207031
2022-11-29,81.89054870605469
2022-11-30,82.66493225097656
2022-12-01,84.45568084716797
2022-12-02,88.3759765625
2022-12-05,87.31119537353516
2022-12-06,87.40800476074219
2022-12-07,83.92329406738281
2022-12-08,82.32614135742188
2022-12-09,85.56884765625
2022-12-12,86.3916244506836
2022-12-13,88.8599624633789
2022-12-14,84.50408172607422
2022-12-15,84.60087585449219
2022-12-16,83.63290405273438
2022-12-19,84.55247497558594
2022-12-20,87.64999389648438
2022-12-21,85.85923767089844
2022-12-22,87.64999389648438
2022-12-23,86.19803619384766
2022-12-26,87.35960388183594
2022-12-27,85.76244354248047
2022-12-28,84.40727996826172
2022-12-29,87.60159301757812
2022-12-30,89.0051498413086
2023-01-02,88.66636657714844
2023-01-03,85.1816635131836
2023-01-04,85.52044677734375
2023-01-05,81.98734283447266
2023-01-06,79.95460510253906
2023-01-09,75.35672760009766
2023-01-10,73.32398223876953
2023-01-11,69.79087829589844
2023-01-12,72.93679809570312
2023-01-13,74.82434844970703
2023-01-16,77.87345886230469
2023-01-17,79.47061920166016
2023-01-18,79.90621185302734
2023-01-19,79.27702331542969
2023-01-20,78.938232421875
2023-01-23,76.80868530273438
2023-01-24,75.50192260742188
2023-01-25,73.46918487548828
2023-01-26,74.82434844970703
2023-01-27,76.2279052734375
2023-01-30,73.46918487548828
2023-01-31,74.921142578125
2023-02-01,72.88839721679688
2023-02-02,72.59800720214844
2023-02-03,75.25993347167969
2023-02-06,72.6948013305664
2023-02-07,66.93536376953125
2023-02-08,63.30546188354492
2023-02-15,73.6143798828125
2023-02-16,71.63003540039062
2023-02-17,70.66205596923828
2023-02-20,75.98591613769531
2023-02-21,73.85637664794922
2023-02-22,74.67915344238281
2023-02-23,75.30833435058594
2023-02-24,82.81012725830078
2023-02-27,91.08629608154297
2023-02-28,88.66636657714844
2023-03-01,86.82720947265625
2023-03-02,84.45568084716797
2023-03-03,84.45568084716797
2023-03-06,83.8749008178711
2023-03-07,84.06848907470703
2023-03-08,82.47132873535156
2023-03-09,81.50335693359375
2023-03-10,79.4222183227539
2023-03-13,78.11544799804688
2023-03-14,79.85780334472656
2023-03-15,81.5517578125
2023-03-16,81.40656280517578
2023-03-17,82.76172637939453
2023-03-20,78.16385650634766
2023-03-21,74.96953582763672
2023-03-22,76.90548706054688
2023-03-23,75.16313934326172
2023-03-24,75.35672760009766
2023-03-27,76.03431701660156
2023-03-28,72.11402130126953
2023-03-29,72.45280456542969
2023-03-30,70.37166595458984
2023-03-31,69.50049591064453
2023-04-03,68.87130737304688
2023-04-04,70.46846771240234
2023-04-05,70.80725860595703
2023-04-06,70.4200668334961
2023-04-07,71.92042541503906
2023-04-10,72.83999633789062
2023-04-11,72.6500015258789
2023-04-12,73.4000015258789
2023-04-13,72.80000305175781
2023-04-14,74.19999694824219
2023-04-17,72.6500015258789
2023-04-18,70.0999984741211
2023-04-19,70.80000305175781
2023-04-20,70.4000015258789
2023-04-24,70.80000305175781
2023-04-25,70.69999694824219
2023-04-26,68.30000305175781
2023-04-27,67.05000305175781
2023-04-28,65.6500015258789
2023-05-02,61.5
2023-05-03,58.75
2023-05-04,58.599998474121094
2023-05-05,58.25
2023-05-08,59.04999923706055
2023-05-09,57.0
2023-05-10,56.29999923706055
2023-05-11,61.0
2023-05-12,61.79999923706055
2023-05-15,58.900001525878906
2023-05-16,59.099998474121094
2023-05-17,61.0
2023-05-18,58.849998474121094
2023-05-22,58.599998474121094
2023-05-23,59.400001525878906
2023-05-24,58.95000076293945
2023-05-25,59.75
2023-05-26,59.849998474121094
2023-05-29,63.099998474121094
2023-05-30,64.5
2023-05-31,63.849998474121094
2023-06-01,65.44999694824219
2023-06-02,67.0
2023-06-05,70.30000305175781
2023-06-06,69.44999694824219
2023-06-07,72.5
2023-06-08,71.55000305175781
2023-06-09,71.69999694824219
2023-06-12,71.4000015258789
2023-06-13,68.44999694824219
2023-06-14,67.3499984741211
2023-06-15,67.5999984741211
2023-06-16,67.25
2023-06-19,64.1500015258789
2023-06-20,64.0
2023-06-21,62.400001525878906
2023-06-22,67.30000305175781
2023-06-23,68.75
2023-06-26,70.5999984741211
2023-06-27,72.4000015258789
2023-07-03,76.5
2023-07-04,75.19999694824219
2023-07-05,77.19999694824219
2023-07-06,76.69999694824219
2023-07-07,77.19999694824219
2023-07-10,82.5999984741211
2023-07-11,82.69999694824219
2023-07-12,80.5
2023-07-13,79.44999694824219
2023-07-14,83.19999694824219